Workbook

Sheet Daily Log
A1: Date | B1: Day of Week | C1: Breakfast (kcal) | D1: Lunch (kcal) | E1: Dinner (kcal) | F1: Snacks (kcal) | G1: Calories Eaten (ATE) | H1: Exercise Calories | I1: Total Calories Burned | J1: Net Calories (Eaten-Burned) | K1: Weight (kg) | L1: Vacay Day? | M1: Include in Averages?
A2: 46181 | B2: =TEXT(A2,"ddd") -> Mon | C2: 290 | D2: 300 | E2: 480 | F2: 1070 | G2: 2140 | H2: 250 | I2: 1828 | J2: =IF(OR(G2="",I2=""),"",G2-I2) -> 312 | K2: 71.3 | L2: No | M2: =IF(AND(L2="No",I2<>""),1,0) -> 1
A3: 46182 | B3: =TEXT(A3,"ddd") -> Tue | C3: 320 | D3: 650 | E3: 380 | F3: 330 | G3: 1680 | H3: 200 | I3: 1010 | J3: =IF(OR(G3="",I3=""),"",G3-I3) -> 670 | L3: No | M3: =IF(AND(L3="No",I3<>""),1,0) -> 1
A4: 46183 | B4: =TEXT(A4,"ddd") -> Wed | C4: 230 | D4: 750 | E4: 760 | F4: 270 | G4: 2010 | H4: 300 | I4: 1802 | J4: =IF(OR(G4="",I4=""),"",G4-I4) -> 208 | L4: No | M4: =IF(AND(L4="No",I4<>""),1,0) -> 1
A5: 46184 | B5: =TEXT(A5,"ddd") -> Thu | C5: 240 | D5: 490 | E5: 780 | F5: 0 | G5: 1510 | H5: 325 | I5: 1420 | J5: =IF(OR(G5="",I5=""),"",G5-I5) -> 90 | L5: No | M5: =IF(AND(L5="No",I5<>""),1,0) -> 1
A6: 46185 | B6: =TEXT(A6,"ddd") -> Fri | C6: 370 | D6: 250 | E6: 770 | F6: 360 | G6: 1750 | H6: 150 | I6: 1125 | J6: =IF(OR(G6="",I6=""),"",G6-I6) -> 625 | L6: No | M6: =IF(AND(L6="No",I6<>""),1,0) -> 1
A7: 46186 | B7: =TEXT(A7,"ddd") -> Sat | C7: 230 | D7: 750 | E7: 710 | F7: 200 | G7: 1890 | H7: 275 | I7: 1803 | J7: =IF(OR(G7="",I7=""),"",G7-I7) -> 87 | L7: No | M7: =IF(AND(L7="No",I7<>""),1,0) -> 1
A8: 46187 | B8: =TEXT(A8,"ddd") -> Sun | C8: 280 | D8: 800 | E8: 540 | F8: 180 | G8: 1800 | H8: 250 | I8: 1771 | J8: =IF(OR(G8="",I8=""),"",G8-I8) -> 29 | L8: No | M8: =IF(AND(L8="No",I8<>""),1,0) -> 1
A9: 46188 | B9: =TEXT(A9,"ddd") -> Mon | C9: 600 | D9: 500 | E9: 810 | F9: 990 | G9: 2410 | I9: 1705 | J9: =IF(OR(G9="",I9=""),"",G9-I9) -> 705 | K9: 70.9 | L9: No | M9: =IF(AND(L9="No",I9<>""),1,0) -> 1
A10: 46189 | B10: =TEXT(A10,"ddd") -> Tue | C10: 230 | D10: 530 | E10: 510 | F10: 130 | G10: 1400 | I10: 1688 | J10: =IF(OR(G10="",I10=""),"",G10-I10) -> -288 | L10: No | M10: =IF(AND(L10="No",I10<>""),1,0) -> 1
A11: 46190 | B11: =TEXT(A11,"ddd") -> Wed | C11: 340 | D11: 600 | E11: 550 | F11: 385 | G11: 1875 | I11: 1710 | J11: =IF(OR(G11="",I11=""),"",G11-I11) -> 165 | L11: No | M11: =IF(AND(L11="No",I11<>""),1,0) -> 1
A12: 46191 | B12: =TEXT(A12,"ddd") -> Thu | C12: 90 | D12: 450 | E12: 410 | F12: 480 | G12: 1430 | I12: 1510 | J12: =IF(OR(G12="",I12=""),"",G12-I12) -> -80 | L12: No | M12: =IF(AND(L12="No",I12<>""),1,0) -> 1
A13: 46192 | B13: =TEXT(A13,"ddd") -> Fri | C13: 320 | D13: 500 | E13: 300 | F13: 430 | G13: 1550 | I13: 1442 | J13: =IF(OR(G13="",I13=""),"",G13-I13) -> 108 | L13: No | M13: =IF(AND(L13="No",I13<>""),1,0) -> 1
A14: 46193 | B14: =TEXT(A14,"ddd") -> Sat | C14: 450 | D14: 810 | E14: 0 | F14: 140 | G14: 1400 | I14: 1840 | J14: =IF(OR(G14="",I14=""),"",G14-I14) -> -440 | L14: No | M14: =IF(AND(L14="No",I14<>""),1,0) -> 1
A15: 46194 | B15: =TEXT(A15,"ddd") -> Sun | C15: 750 | D15: 250 | E15: 520 | F15: 160 | G15: 1680 | I15: 1830 | J15: =IF(OR(G15="",I15=""),"",G15-I15) -> -150 | L15: No | M15: =IF(AND(L15="No",I15<>""),1,0) -> 1
A16: 46195 | B16: =TEXT(A16,"ddd") -> Mon | C16: 290 | D16: 650 | E16: 350 | F16: 480 | G16: 1970 | I16: 1716 | J16: =IF(OR(G16="",I16=""),"",G16-I16) -> 254 | K16: 70.5 | L16: No | M16: =IF(AND(L16="No",I16<>""),1,0) -> 1
A17: 46196 | B17: =TEXT(A17,"ddd") -> Tue | C17: 420 | D17: 600 | E17: 270 | F17: 300 | G17: 1590 | I17: 1708 | J17: =IF(OR(G17="",I17=""),"",G17-I17) -> -118 | L17: No | M17: =IF(AND(L17="No",I17<>""),1,0) -> 1
A18: 46197 | B18: =TEXT(A18,"ddd") -> Wed | C18: 400 | D18: 320 | E18: 720 | F18: 260 | G18: 1700 | I18: 1618 | J18: =IF(OR(G18="",I18=""),"",G18-I18) -> 82 | L18: No | M18: =IF(AND(L18="No",I18<>""),1,0) -> 1
A19: 46198 | B19: =TEXT(A19,"ddd") -> Thu | C19: 230 | D19: 540 | E19: 840 | F19: 90 | G19: 1700 | I19: 1774 | J19: =IF(OR(G19="",I19=""),"",G19-I19) -> -74 | L19: No | M19: =IF(AND(L19="No",I19<>""),1,0) -> 1
A20: 46199 | B20: =TEXT(A20,"ddd") -> Fri | C20: 380 | D20: 680 | E20: 640 | F20: 780 | G20: 2680 | I20: 1800 | J20: =IF(OR(G20="",I20=""),"",G20-I20) -> 880 | L20: Yes | M20: =IF(AND(L20="No",I20<>""),1,0) -> 0
A21: 46200 | B21: =TEXT(A21,"ddd") -> Sat | C21: 800 | D21: 410 | E21: 700 | F21: 1210 | G21: 3120 | I21: 2085 | J21: =IF(OR(G21="",I21=""),"",G21-I21) -> 1035 | L21: Yes | M21: =IF(AND(L21="No",I21<>""),1,0) -> 0
A22: 46201 | B22: =TEXT(A22,"ddd") -> Sun | C22: 960 | D22: 790 | E22: 700 | F22: 130 | G22: 2530 | I22: 1596 | J22: =IF(OR(G22="",I22=""),"",G22-I22) -> 934 | L22: Yes | M22: =IF(AND(L22="No",I22<>""),1,0) -> 0
A23: 46202 | B23: =TEXT(A23,"ddd") -> Mon | C23: 110 | D23: 650 | E23: 420 | F23: 570 | G23: 1750 | I23: 1666 | J23: =IF(OR(G23="",I23=""),"",G23-I23) -> 84 | K23: 71.6 | L23: No | M23: =IF(AND(L23="No",I23<>""),1,0) -> 1
A24: 46203 | B24: =TEXT(A24,"ddd") -> Tue | C24: 180 | D24: 530 | E24: 650 | F24: 100 | G24: 1540 | I24: 1887 | J24: =IF(OR(G24="",I24=""),"",G24-I24) -> -347 | L24: No | M24: =IF(AND(L24="No",I24<>""),1,0) -> 1
A25: 46204 | B25: =TEXT(A25,"ddd") -> Wed | C25: 430 | D25: 470 | E25: 680 | F25: 240 | G25: 1820 | I25: 1046 | J25: =IF(OR(G25="",I25=""),"",G25-I25) -> 774 | L25: No | M25: =IF(AND(L25="No",I25<>""),1,0) -> 1
A26: 46205 | B26: =TEXT(A26,"ddd") -> Thu | C26: 180 | D26: 520 | E26: 900 | F26: 270 | G26: 1870 | I26: 1795 | J26: =IF(OR(G26="",I26=""),"",G26-I26) -> 75 | L26: No | M26: =IF(AND(L26="No",I26<>""),1,0) -> 1
A27: 46206 | B27: =TEXT(A27,"ddd") -> Fri | C27: 725 | D27: 650 | E27: 650 | F27: 25 | G27: 2050 | I27: 1657 | J27: =IF(OR(G27="",I27=""),"",G27-I27) -> 393 | L27: No | M27: =IF(AND(L27="No",I27<>""),1,0) -> 1
A28: 46207 | B28: =TEXT(A28,"ddd") -> Sat | C28: 400 | D28: 500 | E28: 560 | F28: 580 | G28: 2040 | I28: 1761 | J28: =IF(OR(G28="",I28=""),"",G28-I28) -> 279 | L28: No | M28: =IF(AND(L28="No",I28<>""),1,0) -> 1
A29: 46208 | B29: =TEXT(A29,"ddd") -> Sun | C29: 240 | D29: 510 | E29: 845 | F29: 120 | G29: 1715 | I29: 2099 | J29: =IF(OR(G29="",I29=""),"",G29-I29) -> -384 | L29: No | M29: =IF(AND(L29="No",I29<>""),1,0) -> 1
A30: 46209 | B30: =TEXT(A30,"ddd") -> Mon | C30: 370 | D30: 600 | E30: 430 | F30: 120 | G30: 1520 | I30: 1563 | J30: =IF(OR(G30="",I30=""),"",G30-I30) -> -43 | K30: 70.65 | L30: No | M30: =IF(AND(L30="No",I30<>""),1,0) -> 1
A31: 46210 | B31: =TEXT(A31,"ddd") -> Tue | C31: 300 | D31: 600 | E31: 600 | F31: 620 | G31: 2120 | I31: 1689 | J31: =IF(OR(G31="",I31=""),"",G31-I31) -> 431 | L31: No | M31: =IF(AND(L31="No",I31<>""),1,0) -> 1
A32: 46211 | B32: =TEXT(A32,"ddd") -> Wed | C32: 310 | D32: 410 | E32: 570 | F32: 500 | G32: 1790 | I32: 1839 | J32: =IF(OR(G32="",I32=""),"",G32-I32) -> -49 | L32: No | M32: =IF(AND(L32="No",I32<>""),1,0) -> 1
A33: 46212 | B33: =TEXT(A33,"ddd") -> Thu | C33: 240 | D33: 700 | E33: 350 | F33: 695 | G33: 1965 | I33: 1844 | J33: =IF(OR(G33="",I33=""),"",G33-I33) -> 121 | L33: No | M33: =IF(AND(L33="No",I33<>""),1,0) -> 1
A34: 46213 | B34: =TEXT(A34,"ddd") -> Fri | C34: 330 | D34: 600 | E34: 620 | F34: 60 | G34: 1610 | I34: 1494 | J34: =IF(OR(G34="",I34=""),"",G34-I34) -> 116 | L34: No | M34: =IF(AND(L34="No",I34<>""),1,0) -> 1
A35: 46214 | B35: =TEXT(A35,"ddd") -> Sat | C35: 350 | D35: 450 | E35: 600 | F35: 0 | G35: 1400 | I35: 1585 | J35: =IF(OR(G35="",I35=""),"",G35-I35) -> -185 | L35: No | M35: =IF(AND(L35="No",I35<>""),1,0) -> 1
A36: 46215 | B36: =TEXT(A36,"ddd") -> Sun | C36: 490 | D36: 0 | E36: 850 | F36: 300 | G36: 1640 | I36: 1700 | J36: =IF(OR(G36="",I36=""),"",G36-I36) -> -60 | L36: No | M36: =IF(AND(L36="No",I36<>""),1,0) -> 1
A37: 46216 | B37: =TEXT(A37,"ddd") -> Mon | C37: 390 | D37: 600 | E37: 730 | F37: 650 | G37: 2370 | I37: 1846 | J37: =IF(OR(G37="",I37=""),"",G37-I37) -> 524 | K37: 70.9 | L37: No | M37: =IF(AND(L37="No",I37<>""),1,0) -> 1
A38: 46217 | B38: =TEXT(A38,"ddd") -> Tue | C38: 250 | D38: 500 | E38: 450 | F38: 450 | G38: 1650 | I38: 1645 | J38: =IF(OR(G38="",I38=""),"",G38-I38) -> 5 | L38: No | M38: =IF(AND(L38="No",I38<>""),1,0) -> 1
A39: 46218 | B39: =TEXT(A39,"ddd") -> Wed | C39: 490 | D39: 450 | E39: 600 | F39: 330 | G39: 1870 | I39: 1379 | J39: =IF(OR(G39="",I39=""),"",G39-I39) -> 491 | L39: No | M39: =IF(AND(L39="No",I39<>""),1,0) -> 1
A40: 46219 | B40: =TEXT(A40,"ddd") -> Thu | C40: 560 | D40: 300 | E40: 700 | F40: 290 | G40: 1850 | I40: 1398 | J40: =IF(OR(G40="",I40=""),"",G40-I40) -> 452 | L40: No | M40: =IF(AND(L40="No",I40<>""),1,0) -> 1
A41: 46220 | B41: =TEXT(A41,"ddd") -> Fri | C41: 355 | D41: 700 | E41: 680 | F41: 195 | G41: 2030 | I41: 1759 | J41: =IF(OR(G41="",I41=""),"",G41-I41) -> 271 | L41: No | M41: =IF(AND(L41="No",I41<>""),1,0) -> 1
A42: 46221 | B42: =TEXT(A42,"ddd") -> Sat | C42: 220 | D42: 280 | E42: 500 | F42: 230 | G42: 1230 | I42: 1668 | J42: =IF(OR(G42="",I42=""),"",G42-I42) -> -438 | L42: No | M42: =IF(AND(L42="No",I42<>""),1,0) -> 1
A43: 46222 | B43: =TEXT(A43,"ddd") -> Sun | C43: 0 | D43: 700 | E43: 650 | F43: 275 | G43: 1625 | I43: 1793 | J43: =IF(OR(G43="",I43=""),"",G43-I43) -> -168 | L43: No | M43: =IF(AND(L43="No",I43<>""),1,0) -> 1
A44: 46223 | B44: =TEXT(A44,"ddd") -> Mon | C44: 215 | D44: 500 | E44: 570 | F44: 590 | G44: 1875 | I44: 1763 | J44: =IF(OR(G44="",I44=""),"",G44-I44) -> 112 | K44: 70.4 | L44: No | M44: =IF(AND(L44="No",I44<>""),1,0) -> 1
A45: 46224 | B45: =TEXT(A45,"ddd") -> Tue | C45: 415 | D45: 400 | E45: 590 | F45: 30 | G45: 1435 | I45: 1816 | J45: =IF(OR(G45="",I45=""),"",G45-I45) -> -381 | L45: No | M45: =IF(AND(L45="No",I45<>""),1,0) -> 1
A46: 46225 | B46: =TEXT(A46,"ddd") -> Wed | C46: 180 | D46: 640 | E46: 660 | F46: 175 | G46: 1655 | I46: 1651 | J46: =IF(OR(G46="",I46=""),"",G46-I46) -> 4 | L46: No | M46: =IF(AND(L46="No",I46<>""),1,0) -> 1
A47: 46226 | B47: =TEXT(A47,"ddd") -> Thu | C47: 180 | D47: 430 | E47: 570 | F47: 190 | G47: 1370 | I47: 1772 | J47: =IF(OR(G47="",I47=""),"",G47-I47) -> -402 | L47: No | M47: =IF(AND(L47="No",I47<>""),1,0) -> 1
A48: 46227 | B48: =TEXT(A48,"ddd") -> Fri | C48: 300 | D48: 340 | E48: 890 | F48: 0 | G48: 1530 | I48: 1700 | J48: =IF(OR(G48="",I48=""),"",G48-I48) -> -170 | L48: No | M48: =IF(AND(L48="No",I48<>""),1,0) -> 1
A49: 46228 | B49: =TEXT(A49,"ddd") -> Sat | C49: 420 | D49: 240 | E49: 805 | F49: 375 | G49: 1890 | I49: 1693 | J49: =IF(OR(G49="",I49=""),"",G49-I49) -> 197 | L49: No | M49: =IF(AND(L49="No",I49<>""),1,0) -> 1
A50: 46229 | B50: =TEXT(A50,"ddd") -> Sun | C50: 0 | D50: 550 | E50: 975 | F50: 0 | G50: 1525 | I50: 1816 | J50: =IF(OR(G50="",I50=""),"",G50-I50) -> -291 | L50: No | M50: =IF(AND(L50="No",I50<>""),1,0) -> 1
A51: 46230 | B51: =TEXT(A51,"ddd") -> Mon | C51: 180 | D51: 850 | E51: 650 | F51: 380 | G51: 2060 | I51: 1573 | J51: =IF(OR(G51="",I51=""),"",G51-I51) -> 487 | K51: 70.8 | L51: No | M51: =IF(AND(L51="No",I51<>""),1,0) -> 1
A52: 46231 | B52: =TEXT(A52,"ddd") -> Tue | C52: 180 | D52: 650 | E52: 1150 | F52: 0 | G52: 1980 | I52: 1848 | J52: =IF(OR(G52="",I52=""),"",G52-I52) -> 132 | L52: No | M52: =IF(AND(L52="No",I52<>""),1,0) -> 1
A53: 46232 | B53: =TEXT(A53,"ddd") -> Wed | C53: 0 | D53: 600 | E53: 450 | F53: 650 | G53: 1700 | I53: 1886 | J53: =IF(OR(G53="",I53=""),"",G53-I53) -> -186 | L53: No | M53: =IF(AND(L53="No",I53<>""),1,0) -> 1
A54: 46233 | B54: =TEXT(A54,"ddd") -> Thu | C54: 0 | D54: 350 | E54: 750 | F54: 250 | G54: 1350 | I54: 1750 | J54: =IF(OR(G54="",I54=""),"",G54-I54) -> -400 | L54: No | M54: =IF(AND(L54="No",I54<>""),1,0) -> 1
A55: 46234 | B55: =TEXT(A55,"ddd") -> Fri | C55: 0 | D55: 700 | E55: 300 | F55: 700 | G55: 1700 | I55: 2021 | J55: =IF(OR(G55="",I55=""),"",G55-I55) -> -321 | L55: No | M55: =IF(AND(L55="No",I55<>""),1,0) -> 1
A56: 46235 | B56: =TEXT(A56,"ddd") -> Sat | C56: 750 | D56: 0 | E56: 650 | F56: 350 | G56: 1750 | I56: 2647 | J56: =IF(OR(G56="",I56=""),"",G56-I56) -> -897 | L56: No | M56: =IF(AND(L56="No",I56<>""),1,0) -> 1
A57: 46236 | B57: =TEXT(A57,"ddd") -> Sun | C57: 750 | D57: 0 | E57: 750 | F57: 0 | G57: 1500 | I57: 1931 | J57: =IF(OR(G57="",I57=""),"",G57-I57) -> -431 | L57: No | M57: =IF(AND(L57="No",I57<>""),1,0) -> 1
A58: 46237 | B58: =TEXT(A58,"ddd") -> Mon | C58: 250 | D58: 480 | E58: 680 | F58: 0 | G58: 1418 | I58: 1856 | J58: =IF(OR(G58="",I58=""),"",G58-I58) -> -438 | K58: 70.8 | L58: No | M58: =IF(AND(L58="No",I58<>""),1,0) -> 1
A59: 46238 | B59: =TEXT(A59,"ddd") -> Tue | C59: 180 | D59: 800 | E59: 870 | F59: 80 | G59: 1950 | I59: 2114 | J59: =IF(OR(G59="",I59=""),"",G59-I59) -> -164 | L59: No | M59: =IF(AND(L59="No",I59<>""),1,0) -> 1
A60: 46239 | B60: =TEXT(A60,"ddd") -> Wed | C60: 440 | D60: 830 | E60: 240 | F60: 0 | G60: 1510 | I60: 1950 | J60: =IF(OR(G60="",I60=""),"",G60-I60) -> -440 | L60: No | M60: =IF(AND(L60="No",I60<>""),1,0) -> 1
A61: 46240 | B61: =TEXT(A61,"ddd") -> Thu | C61: 250 | D61: 680 | E61: 487 | F61: 500 | G61: 1920 | I61: 2091 | J61: =IF(OR(G61="",I61=""),"",G61-I61) -> -171 | L61: No | M61: =IF(AND(L61="No",I61<>""),1,0) -> 1
A62: 46241 | B62: =TEXT(A62,"ddd") -> Fri | C62: 250 | D62: 650 | E62: 600 | F62: 275 | G62: 1775 | I62: 2091 | J62: =IF(OR(G62="",I62=""),"",G62-I62) -> -316 | L62: No | M62: =IF(AND(L62="No",I62<>""),1,0) -> 1
A63: 46242 | B63: =TEXT(A63,"ddd") -> Sat | C63: 0 | D63: 850 | E63: 500 | F63: 0 | G63: 1350 | I63: 1650 | J63: =IF(OR(G63="",I63=""),"",G63-I63) -> -300 | L63: No | M63: =IF(AND(L63="No",I63<>""),1,0) -> 1
A64: 46243 | B64: =TEXT(A64,"ddd") -> Sun | C64: 600 | D64: 0 | E64: 890 | F64: 400 | G64: 1890 | I64: 1806 | J64: =IF(OR(G64="",I64=""),"",G64-I64) -> 84 | L64: No | M64: =IF(AND(L64="No",I64<>""),1,0) -> 1
A65: 46244 | B65: =TEXT(A65,"ddd") -> Mon | C65: 250 | D65: 500 | E65: 450 | F65: 540 | G65: 1740 | I65: 1830 | J65: =IF(OR(G65="",I65=""),"",G65-I65) -> -90 | K65: 71 | L65: No | M65: =IF(AND(L65="No",I65<>""),1,0) -> 1
A66: 46245 | B66: =TEXT(A66,"ddd") -> Tue | C66: 0 | D66: 800 | E66: 1250 | F66: 0 | G66: 2050 | I66: 1700 | J66: =IF(OR(G66="",I66=""),"",G66-I66) -> 350 | L66: No | M66: =IF(AND(L66="No",I66<>""),1,0) -> 1
A67: 46246 | B67: =TEXT(A67,"ddd") -> Wed | C67: 100 | D67: 650 | E67: 900 | F67: 450 | G67: 2100 | I67: 1700 | J67: =IF(OR(G67="",I67=""),"",G67-I67) -> 400 | L67: No | M67: =IF(AND(L67="No",I67<>""),1,0) -> 1
A68: 46247 | B68: =TEXT(A68,"ddd") -> Thu | C68: 200 | D68: 500 | E68: 500 | F68: 500 | G68: 1700 | I68: 1650 | J68: =IF(OR(G68="",I68=""),"",G68-I68) -> 50 | L68: No | M68: =IF(AND(L68="No",I68<>""),1,0) -> 1
A69: 46248 | B69: =TEXT(A69,"ddd") -> Fri | C69: 180 | D69: 500 | E69: 500 | F69: 150 | G69: 1330 | I69: 1922 | J69: =IF(OR(G69="",I69=""),"",G69-I69) -> -592 | L69: No | M69: =IF(AND(L69="No",I69<>""),1,0) -> 1
A70: 46249 | B70: =TEXT(A70,"ddd") -> Sat | C70: 300 | D70: 300 | E70: 1700 | F70: 0 | G70: 2300 | I70: 1997 | J70: =IF(OR(G70="",I70=""),"",G70-I70) -> 303 | L70: No | M70: =IF(AND(L70="No",I70<>""),1,0) -> 1
A71: 46250 | B71: =TEXT(A71,"ddd") -> Sun | C71: 250 | D71: 780 | E71: 500 | F71: 180 | G71: 1710 | I71: 1818 | J71: =IF(OR(G71="",I71=""),"",G71-I71) -> -108 | L71: No | M71: =IF(AND(L71="No",I71<>""),1,0) -> 1
A72: 46251 | B72: =TEXT(A72,"ddd") -> Mon | C72: 250 | D72: 500 | E72: 750 | F72: 690 | G72: 2190 | I72: 1770 | J72: =IF(OR(G72="",I72=""),"",G72-I72) -> 420 | K72: 71.3 | L72: No | M72: =IF(AND(L72="No",I72<>""),1,0) -> 1
A73: 46252 | B73: =TEXT(A73,"ddd") -> Tue | C73: 300 | D73: 500 | E73: 600 | F73: 180 | G73: 1580 | I73: 1739 | J73: =IF(OR(G73="",I73=""),"",G73-I73) -> -159 | L73: No | M73: =IF(AND(L73="No",I73<>""),1,0) -> 1
A74: 46253 | B74: =TEXT(A74,"ddd") -> Wed | C74: 80 | D74: 600 | E74: 500 | F74: 830 | G74: 2010 | I74: 1923 | J74: =IF(OR(G74="",I74=""),"",G74-I74) -> 87 | L74: No | M74: =IF(AND(L74="No",I74<>""),1,0) -> 1
A75: 46254 | B75: =TEXT(A75,"ddd") -> Thu | C75: 490 | D75: 500 | E75: 750 | F75: 0 | G75: 1740 | I75: 1856 | J75: =IF(OR(G75="",I75=""),"",G75-I75) -> -116 | L75: No | M75: =IF(AND(L75="No",I75<>""),1,0) -> 1
A76: 46255 | B76: =TEXT(A76,"ddd") -> Fri | C76: 0 | D76: 500 | E76: 450 | F76: 430 | G76: 1380 | I76: 1053 | J76: =IF(OR(G76="",I76=""),"",G76-I76) -> 327 | L76: No | M76: =IF(AND(L76="No",I76<>""),1,0) -> 1
A77: 46256 | B77: =TEXT(A77,"ddd") -> Sat | C77: 0 | D77: 550 | E77: 600 | F77: 70 | G77: 1220 | I77: 1011 | J77: =IF(OR(G77="",I77=""),"",G77-I77) -> 209 | L77: No | M77: =IF(AND(L77="No",I77<>""),1,0) -> 1
A78: 46257 | B78: =TEXT(A78,"ddd") -> Sun | C78: 0 | D78: 250 | E78: 850 | F78: 360 | G78: 1460 | I78: 1902 | J78: =IF(OR(G78="",I78=""),"",G78-I78) -> -442 | L78: No | M78: =IF(AND(L78="No",I78<>""),1,0) -> 1
A79: 46258 | B79: =TEXT(A79,"ddd") -> Mon | C79: 120 | D79: 600 | E79: 550 | F79: 630 | G79: 1900 | I79: 1643 | J79: =IF(OR(G79="",I79=""),"",G79-I79) -> 257 | K79: 71.2 | L79: No | M79: =IF(AND(L79="No",I79<>""),1,0) -> 1
A80: 46259 | B80: =TEXT(A80,"ddd") -> Tue | C80: 355 | J80: =IF(OR(G80="",I80=""),"",G80-I80) | L80: No | M80: =IF(AND(L80="No",I80<>""),1,0) -> 0
A82: Notes:
A83: - Blue cells = raw data entered from the handwritten calendar. Black cells = formulas that recalculate automatically.
A84: - 'Total Calories Burned' = total daily energy expenditure. 'Exercise Calories' (Jun 8-14 only, diary used a different format that week) = active/workout calories logged separately.
A85: - Starting weight on 2026-06-08 corrected to 71.3 kg per user (original handwritten note read 70.2 kg).
A86: - Aug 25, 2026 row is in-progress (only breakfast logged so far, as that's today's date).
A87: - To add new days: insert a row, fill in the blue cells, and every formula/chart in this workbook updates automatically.

Sheet Goal Summary
A1: Weight Loss Goal Summary
A3: Height (cm) | B3: 157
A4: Start Date | B4: 46181
A5: Start Weight (kg) | B5: 71.3
A6: Goal Weight (kg) | B6: 62
A7: kcal per kg of body fat | B7: 7700
A9: Latest Logged Weight (kg) | B9: =LOOKUP(2,1/('Daily Log'!$K$2:$K$80<>""),'Daily Log'!$K$2:$K$80) -> 71.2
A10: Latest Weigh-in Date | B10: =LOOKUP(2,1/('Daily Log'!$K$2:$K$80<>""),'Daily Log'!$A$2:$A$80) -> 46258
A12: Weight Still to Lose (kg) | B12: =B9-B6 -> 9.2
A13: Total Weight Lost So Far (kg) | B13: =B5-B9 -> 0.1
A15: Average Daily Calories Eaten (excl. vacay) | B15: =AVERAGEIFS('Daily Log'!$G$2:$G$80,'Daily Log'!$M$2:$M$80,1) -> 1739.7733
A16: Average Daily Calories Burned (excl. vacay) | B16: =AVERAGEIFS('Daily Log'!$I$2:$I$80,'Daily Log'!$M$2:$M$80,1) -> 1724.6933
A17: Average Daily Net Deficit (Burn-Eat, excl. vacay) | B17: =B16-B15 -> -15.08
A19: Estimated Days to Reach Goal (data-driven) | B19: =IF(B17<=0,"No net deficit yet",(B12*B7)/B17) -> No net deficit yet
A20: Estimated Weeks to Reach Goal | B20: =IF(ISNUMBER(B19),B19/7,"-") -> -
A21: Estimated Goal Date | B21: =IF(ISNUMBER(B19),B10+B19,"-") -> -
A23: Recommended Safe Weekly Loss Range | B23: 0.5 - 0.75 kg/week
A24: Implied Weeks at Safe Pace (0.6 kg/wk) | B24: =B12/0.6 -> 15.333333
A26: Current BMI | B26: =B9/((B3/100)^2) -> 28.885553
A27: Goal BMI | B27: =B6/((B3/100)^2) -> 25.15315
A30: How this updates:
A31: Add new rows to the 'Daily Log' sheet. Every figure on this sheet - average deficit, days/weeks/date to reach goal, BMI - recalculates automatically. Yellow cells are the only manual inputs (height, start date/weight, goal weight, kcal-per-kg constant).

Sheet Weekly Summary
A1: Week Start | B1: Week End | C1: Avg Calories Eaten | D1: Avg Calories Burned | E1: Avg Net Deficit | F1: Days Logged | G1: End-of-Week Weight (kg) | H1: Weight Change vs Prior Week (kg)
A2: 46181 | B2: 46187 | C2: =IFERROR(AVERAGEIFS('Daily Log'!$G$2:$G$80,'Daily Log'!$A$2:$A$80,">="&A2,'Daily Log'!$A$2:$A$80,"<="&B2,'Daily Log'!$M$2:$M$80,1),"") -> 1825.7143 | D2: =IFERROR(AVERAGEIFS('Daily Log'!$I$2:$I$80,'Daily Log'!$A$2:$A$80,">="&A2,'Daily Log'!$A$2:$A$80,"<="&B2,'Daily Log'!$M$2:$M$80,1),"") -> 1537 | E2: =IF(OR(C2="",D2=""),"",D2-C2) -> -288.71429 | F2: =COUNTIFS('Daily Log'!$A$2:$A$80,">="&A2,'Daily Log'!$A$2:$A$80,"<="&B2,'Daily Log'!$G$2:$G$80,"<>"&"""") -> 7 | G2: =IFERROR(INDEX('Daily Log'!$K$2:$K$80,MATCH(_xlfn.MAXIFS('Daily Log'!$A$2:$A$80,'Daily Log'!$A$2:$A$80,">="&A2,'Daily Log'!$A$2:$A$80,"<="&B2,'Daily Log'!$K$2:$K$80,"<>"),'Daily Log'!$A$2:$A$80,0)),"") -> 71.3
A3: 46188 | B3: 46194 | C3: =IFERROR(AVERAGEIFS('Daily Log'!$G$2:$G$80,'Daily Log'!$A$2:$A$80,">="&A3,'Daily Log'!$A$2:$A$80,"<="&B3,'Daily Log'!$M$2:$M$80,1),"") -> 1677.8571 | D3: =IFERROR(AVERAGEIFS('Daily Log'!$I$2:$I$80,'Daily Log'!$A$2:$A$80,">="&A3,'Daily Log'!$A$2:$A$80,"<="&B3,'Daily Log'!$M$2:$M$80,1),"") -> 1675 | E3: =IF(OR(C3="",D3=""),"",D3-C3) -> -2.8571429 | F3: =COUNTIFS('Daily Log'!$A$2:$A$80,">="&A3,'Daily Log'!$A$2:$A$80,"<="&B3,'Daily Log'!$G$2:$G$80,"<>"&"""") -> 7 | G3: =IFERROR(INDEX('Daily Log'!$K$2:$K$80,MATCH(_xlfn.MAXIFS('Daily Log'!$A$2:$A$80,'Daily Log'!$A$2:$A$80,">="&A3,'Daily Log'!$A$2:$A$80,"<="&B3,'Daily Log'!$K$2:$K$80,"<>"),'Daily Log'!$A$2:$A$80,0)),"") -> 70.9 | H3: =IF(OR(G3="",G2=""),"",G3-G2) -> -0.4
A4: 46195 | B4: 46201 | C4: =IFERROR(AVERAGEIFS('Daily Log'!$G$2:$G$80,'Daily Log'!$A$2:$A$80,">="&A4,'Daily Log'!$A$2:$A$80,"<="&B4,'Daily Log'!$M$2:$M$80,1),"") -> 1740 | D4: =IFERROR(AVERAGEIFS('Daily Log'!$I$2:$I$80,'Daily Log'!$A$2:$A$80,">="&A4,'Daily Log'!$A$2:$A$80,"<="&B4,'Daily Log'!$M$2:$M$80,1),"") -> 1704 | E4: =IF(OR(C4="",D4=""),"",D4-C4) -> -36 | F4: =COUNTIFS('Daily Log'!$A$2:$A$80,">="&A4,'Daily Log'!$A$2:$A$80,"<="&B4,'Daily Log'!$G$2:$G$80,"<>"&"""") -> 7 | G4: =IFERROR(INDEX('Daily Log'!$K$2:$K$80,MATCH(_xlfn.MAXIFS('Daily Log'!$A$2:$A$80,'Daily Log'!$A$2:$A$80,">="&A4,'Daily Log'!$A$2:$A$80,"<="&B4,'Daily Log'!$K$2:$K$80,"<>"),'Daily Log'!$A$2:$A$80,0)),"") -> 70.5 | H4: =IF(OR(G4="",G3=""),"",G4-G3) -> -0.4
A5: 46202 | B5: 46208 | C5: =IFERROR(AVERAGEIFS('Daily Log'!$G$2:$G$80,'Daily Log'!$A$2:$A$80,">="&A5,'Daily Log'!$A$2:$A$80,"<="&B5,'Daily Log'!$M$2:$M$80,1),"") -> 1826.4286 | D5: =IFERROR(AVERAGEIFS('Daily Log'!$I$2:$I$80,'Daily Log'!$A$2:$A$80,">="&A5,'Daily Log'!$A$2:$A$80,"<="&B5,'Daily Log'!$M$2:$M$80,1),"") -> 1701.5714 | E5: =IF(OR(C5="",D5=""),"",D5-C5) -> -124.85714 | F5: =COUNTIFS('Daily Log'!$A$2:$A$80,">="&A5,'Daily Log'!$A$2:$A$80,"<="&B5,'Daily Log'!$G$2:$G$80,"<>"&"""") -> 7 | G5: =IFERROR(INDEX('Daily Log'!$K$2:$K$80,MATCH(_xlfn.MAXIFS('Daily Log'!$A$2:$A$80,'Daily Log'!$A$2:$A$80,">="&A5,'Daily Log'!$A$2:$A$80,"<="&B5,'Daily Log'!$K$2:$K$80,"<>"),'Daily Log'!$A$2:$A$80,0)),"") -> 71.6 | H5: =IF(OR(G5="",G4=""),"",G5-G4) -> 1.1
A6: 46209 | B6: 46215 | C6: =IFERROR(AVERAGEIFS('Daily Log'!$G$2:$G$80,'Daily Log'!$A$2:$A$80,">="&A6,'Daily Log'!$A$2:$A$80,"<="&B6,'Daily Log'!$M$2:$M$80,1),"") -> 1720.7143 | D6: =IFERROR(AVERAGEIFS('Daily Log'!$I$2:$I$80,'Daily Log'!$A$2:$A$80,">="&A6,'Daily Log'!$A$2:$A$80,"<="&B6,'Daily Log'!$M$2:$M$80,1),"") -> 1673.4286 | E6: =IF(OR(C6="",D6=""),"",D6-C6) -> -47.285714 | F6: =COUNTIFS('Daily Log'!$A$2:$A$80,">="&A6,'Daily Log'!$A$2:$A$80,"<="&B6,'Daily Log'!$G$2:$G$80,"<>"&"""") -> 7 | G6: =IFERROR(INDEX('Daily Log'!$K$2:$K$80,MATCH(_xlfn.MAXIFS('Daily Log'!$A$2:$A$80,'Daily Log'!$A$2:$A$80,">="&A6,'Daily Log'!$A$2:$A$80,"<="&B6,'Daily Log'!$K$2:$K$80,"<>"),'Daily Log'!$A$2:$A$80,0)),"") -> 70.65 | H6: =IF(OR(G6="",G5=""),"",G6-G5) -> -0.95
A7: 46216 | B7: 46222 | C7: =IFERROR(AVERAGEIFS('Daily Log'!$G$2:$G$80,'Daily Log'!$A$2:$A$80,">="&A7,'Daily Log'!$A$2:$A$80,"<="&B7,'Daily Log'!$M$2:$M$80,1),"") -> 1803.5714 | D7: =IFERROR(AVERAGEIFS('Daily Log'!$I$2:$I$80,'Daily Log'!$A$2:$A$80,">="&A7,'Daily Log'!$A$2:$A$80,"<="&B7,'Daily Log'!$M$2:$M$80,1),"") -> 1641.1429 | E7: =IF(OR(C7="",D7=""),"",D7-C7) -> -162.42857 | F7: =COUNTIFS('Daily Log'!$A$2:$A$80,">="&A7,'Daily Log'!$A$2:$A$80,"<="&B7,'Daily Log'!$G$2:$G$80,"<>"&"""") -> 7 | G7: =IFERROR(INDEX('Daily Log'!$K$2:$K$80,MATCH(_xlfn.MAXIFS('Daily Log'!$A$2:$A$80,'Daily Log'!$A$2:$A$80,">="&A7,'Daily Log'!$A$2:$A$80,"<="&B7,'Daily Log'!$K$2:$K$80,"<>"),'Daily Log'!$A$2:$A$80,0)),"") -> 70.9 | H7: =IF(OR(G7="",G6=""),"",G7-G6) -> 0.25
A8: 46223 | B8: 46229 | C8: =IFERROR(AVERAGEIFS('Daily Log'!$G$2:$G$80,'Daily Log'!$A$2:$A$80,">="&A8,'Daily Log'!$A$2:$A$80,"<="&B8,'Daily Log'!$M$2:$M$80,1),"") -> 1611.4286 | D8: =IFERROR(AVERAGEIFS('Daily Log'!$I$2:$I$80,'Daily Log'!$A$2:$A$80,">="&A8,'Daily Log'!$A$2:$A$80,"<="&B8,'Daily Log'!$M$2:$M$80,1),"") -> 1744.4286 | E8: =IF(OR(C8="",D8=""),"",D8-C8) -> 133 | F8: =COUNTIFS('Daily Log'!$A$2:$A$80,">="&A8,'Daily Log'!$A$2:$A$80,"<="&B8,'Daily Log'!$G$2:$G$80,"<>"&"""") -> 7 | G8: =IFERROR(INDEX('Daily Log'!$K$2:$K$80,MATCH(_xlfn.MAXIFS('Daily Log'!$A$2:$A$80,'Daily Log'!$A$2:$A$80,">="&A8,'Daily Log'!$A$2:$A$80,"<="&B8,'Daily Log'!$K$2:$K$80,"<>"),'Daily Log'!$A$2:$A$80,0)),"") -> 70.4 | H8: =IF(OR(G8="",G7=""),"",G8-G7) -> -0.5
A9: 46230 | B9: 46236 | C9: =IFERROR(AVERAGEIFS('Daily Log'!$G$2:$G$80,'Daily Log'!$A$2:$A$80,">="&A9,'Daily Log'!$A$2:$A$80,"<="&B9,'Daily Log'!$M$2:$M$80,1),"") -> 1720 | D9: =IFERROR(AVERAGEIFS('Daily Log'!$I$2:$I$80,'Daily Log'!$A$2:$A$80,">="&A9,'Daily Log'!$A$2:$A$80,"<="&B9,'Daily Log'!$M$2:$M$80,1),"") -> 1950.8571 | E9: =IF(OR(C9="",D9=""),"",D9-C9) -> 230.85714 | F9: =COUNTIFS('Daily Log'!$A$2:$A$80,">="&A9,'Daily Log'!$A$2:$A$80,"<="&B9,'Daily Log'!$G$2:$G$80,"<>"&"""") -> 7 | G9: =IFERROR(INDEX('Daily Log'!$K$2:$K$80,MATCH(_xlfn.MAXIFS('Daily Log'!$A$2:$A$80,'Daily Log'!$A$2:$A$80,">="&A9,'Daily Log'!$A$2:$A$80,"<="&B9,'Daily Log'!$K$2:$K$80,"<>"),'Daily Log'!$A$2:$A$80,0)),"") -> 70.8 | H9: =IF(OR(G9="",G8=""),"",G9-G8) -> 0.4
A10: 46237 | B10: 46243 | C10: =IFERROR(AVERAGEIFS('Daily Log'!$G$2:$G$80,'Daily Log'!$A$2:$A$80,">="&A10,'Daily Log'!$A$2:$A$80,"<="&B10,'Daily Log'!$M$2:$M$80,1),"") -> 1687.5714 | D10: =IFERROR(AVERAGEIFS('Daily Log'!$I$2:$I$80,'Daily Log'!$A$2:$A$80,">="&A10,'Daily Log'!$A$2:$A$80,"<="&B10,'Daily Log'!$M$2:$M$80,1),"") -> 1936.8571 | E10: =IF(OR(C10="",D10=""),"",D10-C10) -> 249.28571 | F10: =COUNTIFS('Daily Log'!$A$2:$A$80,">="&A10,'Daily Log'!$A$2:$A$80,"<="&B10,'Daily Log'!$G$2:$G$80,"<>"&"""") -> 7 | G10: =IFERROR(INDEX('Daily Log'!$K$2:$K$80,MATCH(_xlfn.MAXIFS('Daily Log'!$A$2:$A$80,'Daily Log'!$A$2:$A$80,">="&A10,'Daily Log'!$A$2:$A$80,"<="&B10,'Daily Log'!$K$2:$K$80,"<>"),'Daily Log'!$A$2:$A$80,0)),"") -> 70.8 | H10: =IF(OR(G10="",G9=""),"",G10-G9) -> 0
A11: 46244 | B11: 46250 | C11: =IFERROR(AVERAGEIFS('Daily Log'!$G$2:$G$80,'Daily Log'!$A$2:$A$80,">="&A11,'Daily Log'!$A$2:$A$80,"<="&B11,'Daily Log'!$M$2:$M$80,1),"") -> 1847.1429 | D11: =IFERROR(AVERAGEIFS('Daily Log'!$I$2:$I$80,'Daily Log'!$A$2:$A$80,">="&A11,'Daily Log'!$A$2:$A$80,"<="&B11,'Daily Log'!$M$2:$M$80,1),"") -> 1802.4286 | E11: =IF(OR(C11="",D11=""),"",D11-C11) -> -44.714286 | F11: =COUNTIFS('Daily Log'!$A$2:$A$80,">="&A11,'Daily Log'!$A$2:$A$80,"<="&B11,'Daily Log'!$G$2:$G$80,"<>"&"""") -> 7 | G11: =IFERROR(INDEX('Daily Log'!$K$2:$K$80,MATCH(_xlfn.MAXIFS('Daily Log'!$A$2:$A$80,'Daily Log'!$A$2:$A$80,">="&A11,'Daily Log'!$A$2:$A$80,"<="&B11,'Daily Log'!$K$2:$K$80,"<>"),'Daily Log'!$A$2:$A$80,0)),"") -> 71 | H11: =IF(OR(G11="",G10=""),"",G11-G10) -> 0.2
A12: 46251 | B12: 46257 | C12: =IFERROR(AVERAGEIFS('Daily Log'!$G$2:$G$80,'Daily Log'!$A$2:$A$80,">="&A12,'Daily Log'!$A$2:$A$80,"<="&B12,'Daily Log'!$M$2:$M$80,1),"") -> 1654.2857 | D12: =IFERROR(AVERAGEIFS('Daily Log'!$I$2:$I$80,'Daily Log'!$A$2:$A$80,">="&A12,'Daily Log'!$A$2:$A$80,"<="&B12,'Daily Log'!$M$2:$M$80,1),"") -> 1607.7143 | E12: =IF(OR(C12="",D12=""),"",D12-C12) -> -46.571429 | F12: =COUNTIFS('Daily Log'!$A$2:$A$80,">="&A12,'Daily Log'!$A$2:$A$80,"<="&B12,'Daily Log'!$G$2:$G$80,"<>"&"""") -> 7 | G12: =IFERROR(INDEX('Daily Log'!$K$2:$K$80,MATCH(_xlfn.MAXIFS('Daily Log'!$A$2:$A$80,'Daily Log'!$A$2:$A$80,">="&A12,'Daily Log'!$A$2:$A$80,"<="&B12,'Daily Log'!$K$2:$K$80,"<>"),'Daily Log'!$A$2:$A$80,0)),"") -> 71.3 | H12: =IF(OR(G12="",G11=""),"",G12-G11) -> 0.3
A13: 46258 | B13: 46264 | C13: =IFERROR(AVERAGEIFS('Daily Log'!$G$2:$G$80,'Daily Log'!$A$2:$A$80,">="&A13,'Daily Log'!$A$2:$A$80,"<="&B13,'Daily Log'!$M$2:$M$80,1),"") -> 1900 | D13: =IFERROR(AVERAGEIFS('Daily Log'!$I$2:$I$80,'Daily Log'!$A$2:$A$80,">="&A13,'Daily Log'!$A$2:$A$80,"<="&B13,'Daily Log'!$M$2:$M$80,1),"") -> 1643 | E13: =IF(OR(C13="",D13=""),"",D13-C13) -> -257 | F13: =COUNTIFS('Daily Log'!$A$2:$A$80,">="&A13,'Daily Log'!$A$2:$A$80,"<="&B13,'Daily Log'!$G$2:$G$80,"<>"&"""") -> 2 | G13: =IFERROR(INDEX('Daily Log'!$K$2:$K$80,MATCH(_xlfn.MAXIFS('Daily Log'!$A$2:$A$80,'Daily Log'!$A$2:$A$80,">="&A13,'Daily Log'!$A$2:$A$80,"<="&B13,'Daily Log'!$K$2:$K$80,"<>"),'Daily Log'!$A$2:$A$80,0)),"") -> 71.2 | H13: =IF(OR(G13="",G12=""),"",G13-G12) -> -0.1

Sheet Monthly Summary
A1: Month | B1: Avg Calories Eaten | C1: Avg Calories Burned | D1: Avg Net Deficit | E1: Days Logged | F1: Start-of-Month Weight (kg) | G1: End-of-Month Weight (kg) | H1: Weight Change (kg)
A2: June 2026 | B2: =IFERROR(AVERAGEIFS('Daily Log'!$G$2:$G$80,'Daily Log'!$A$2:$A$80,">="&DATE(2026,6,1),'Daily Log'!$A$2:$A$80,"<="&DATE(2026,6,30),'Daily Log'!$M$2:$M$80,1),"") -> 1738.75 | C2: =IFERROR(AVERAGEIFS('Daily Log'!$I$2:$I$80,'Daily Log'!$A$2:$A$80,">="&DATE(2026,6,1),'Daily Log'!$A$2:$A$80,"<="&DATE(2026,6,30),'Daily Log'!$M$2:$M$80,1),"") -> 1642.65 | D2: =IF(OR(B2="",C2=""),"",C2-B2) -> -96.1 | E2: =COUNTIFS('Daily Log'!$A$2:$A$80,">="&DATE(2026,6,1),'Daily Log'!$A$2:$A$80,"<="&DATE(2026,6,30),'Daily Log'!$G$2:$G$80,"<>"&"""") -> 23 | F2: =IFERROR(INDEX('Daily Log'!$K$2:$K$80,MATCH(_xlfn.MINIFS('Daily Log'!$A$2:$A$80,'Daily Log'!$A$2:$A$80,">="&DATE(2026,6,1),'Daily Log'!$A$2:$A$80,"<="&DATE(2026,6,30),'Daily Log'!$K$2:$K$80,"<>"),'Daily Log'!$A$2:$A$80,0)),"") -> 71.3 | G2: =IFERROR(INDEX('Daily Log'!$K$2:$K$80,MATCH(_xlfn.MAXIFS('Daily Log'!$A$2:$A$80,'Daily Log'!$A$2:$A$80,">="&DATE(2026,6,1),'Daily Log'!$A$2:$A$80,"<="&DATE(2026,6,30),'Daily Log'!$K$2:$K$80,"<>"),'Daily Log'!$A$2:$A$80,0)),"") -> 71.6 | H2: =IF(OR(F2="",G2=""),"",G2-F2) -> 0.3
A3: July 2026 | B3: =IFERROR(AVERAGEIFS('Daily Log'!$G$2:$G$80,'Daily Log'!$A$2:$A$80,">="&DATE(2026,7,1),'Daily Log'!$A$2:$A$80,"<="&DATE(2026,7,31),'Daily Log'!$M$2:$M$80,1),"") -> 1749.5161 | C3: =IFERROR(AVERAGEIFS('Daily Log'!$I$2:$I$80,'Daily Log'!$A$2:$A$80,">="&DATE(2026,7,1),'Daily Log'!$A$2:$A$80,"<="&DATE(2026,7,31),'Daily Log'!$M$2:$M$80,1),"") -> 1704.8065 | D3: =IF(OR(B3="",C3=""),"",C3-B3) -> -44.709677 | E3: =COUNTIFS('Daily Log'!$A$2:$A$80,">="&DATE(2026,7,1),'Daily Log'!$A$2:$A$80,"<="&DATE(2026,7,31),'Daily Log'!$G$2:$G$80,"<>"&"""") -> 31 | F3: =IFERROR(INDEX('Daily Log'!$K$2:$K$80,MATCH(_xlfn.MINIFS('Daily Log'!$A$2:$A$80,'Daily Log'!$A$2:$A$80,">="&DATE(2026,7,1),'Daily Log'!$A$2:$A$80,"<="&DATE(2026,7,31),'Daily Log'!$K$2:$K$80,"<>"),'Daily Log'!$A$2:$A$80,0)),"") -> 70.65 | G3: =IFERROR(INDEX('Daily Log'!$K$2:$K$80,MATCH(_xlfn.MAXIFS('Daily Log'!$A$2:$A$80,'Daily Log'!$A$2:$A$80,">="&DATE(2026,7,1),'Daily Log'!$A$2:$A$80,"<="&DATE(2026,7,31),'Daily Log'!$K$2:$K$80,"<>"),'Daily Log'!$A$2:$A$80,0)),"") -> 70.8 | H3: =IF(OR(F3="",G3=""),"",G3-F3) -> 0.15
A4: August 2026 | B4: =IFERROR(AVERAGEIFS('Daily Log'!$G$2:$G$80,'Daily Log'!$A$2:$A$80,">="&DATE(2026,8,1),'Daily Log'!$A$2:$A$80,"<="&DATE(2026,8,31),'Daily Log'!$M$2:$M$80,1),"") -> 1728.0417 | C4: =IFERROR(AVERAGEIFS('Daily Log'!$I$2:$I$80,'Daily Log'!$A$2:$A$80,">="&DATE(2026,8,1),'Daily Log'!$A$2:$A$80,"<="&DATE(2026,8,31),'Daily Log'!$M$2:$M$80,1),"") -> 1818.75 | D4: =IF(OR(B4="",C4=""),"",C4-B4) -> 90.708333 | E4: =COUNTIFS('Daily Log'!$A$2:$A$80,">="&DATE(2026,8,1),'Daily Log'!$A$2:$A$80,"<="&DATE(2026,8,31),'Daily Log'!$G$2:$G$80,"<>"&"""") -> 25 | F4: =IFERROR(INDEX('Daily Log'!$K$2:$K$80,MATCH(_xlfn.MINIFS('Daily Log'!$A$2:$A$80,'Daily Log'!$A$2:$A$80,">="&DATE(2026,8,1),'Daily Log'!$A$2:$A$80,"<="&DATE(2026,8,31),'Daily Log'!$K$2:$K$80,"<>"),'Daily Log'!$A$2:$A$80,0)),"") -> 70.8 | G4: =IFERROR(INDEX('Daily Log'!$K$2:$K$80,MATCH(_xlfn.MAXIFS('Daily Log'!$A$2:$A$80,'Daily Log'!$A$2:$A$80,">="&DATE(2026,8,1),'Daily Log'!$A$2:$A$80,"<="&DATE(2026,8,31),'Daily Log'!$K$2:$K$80,"<>"),'Daily Log'!$A$2:$A$80,0)),"") -> 71.2 | H4: =IF(OR(F4="",G4=""),"",G4-F4) -> 0.4
